tag,cr,purity,ade,fde,rep_acc,time
7e2d631915,0.11666666666666667,1.0,0.0,0.0,1.0,1762156523.431911
