tag,cr,purity,ade,fde,rep_acc,time
e3ad606f56,0.11666666666666667,1.0,0.0,0.0,1.0,1762163541.905959
77e3b055ca,0.11666666666666667,1.0,0.0,0.0,1.0,1762164992.1952891
e3ad606f56,0.11666666666666667,1.0,0.0,0.0,1.0,1762165014.394778
77e3b055ca,0.11666666666666667,1.0,0.0,0.0,1.0,1762165014.4080389
77e3b055ca,0.11666666666666667,1.0,0.0,0.0,1.0,1762171349.7864478
b0ba34aefa,0.12,1.0,0.0,0.0,1.0,1762171406.6734982
e3ad606f56,0.11666666666666667,1.0,0.0,0.0,1.0,1762171415.5543199
77e3b055ca,0.11666666666666667,1.0,0.0,0.0,1.0,1762171415.563464
