tag,cr,purity,ade,fde,rep_acc,time
e3ad606f56,0.11666666666666667,1.0,0.0,0.0,1.0,1762163541.905959
77e3b055ca,0.11666666666666667,1.0,0.0,0.0,1.0,1762164992.1952891
e3ad606f56,0.11666666666666667,1.0,0.0,0.0,1.0,1762165014.394778
77e3b055ca,0.11666666666666667,1.0,0.0,0.0,1.0,1762165014.4080389
